Workbook
Name DB連携: #REF!
Name 形式: #REF!
Name 配置: #REF!

Sheet 変更履歴
A1: 変更履歴
A2: 改訂 | C2: 更新日 | F2: 更新内容 | R2: 更新理由/案件番号 | AD2: 更新者 | AI2: 承認者

Sheet 概要仕様書
A1: システム名 | E1: MONOSビルOM出荷 | N1: プログラム・モジュール仕様書 | AB1: 作成者 | AD1: RIKKEI) Chi | AI1: 作成日 | AK1: 45728
A2: サブシステム名 | AB2: 更新者 | AI2: 更新日
A4: 帳票ID | E4: RS020 | N4: 帳票名 | R4: 出荷予定物量
A5: 概要
A8: パラメータ情報
A9: No | C9: I/O | E9: 項目名称 | N9: シンボル名 | V9: タイプ | Y9: 全体桁 | AA9: 小数桁 | AC9: 必須 | AE9: 説明
A11: 特記事項

Sheet 詳細仕様書_RS020
A1: システム名 | E1: =概要仕様書!E1 -> MONOSビルOM出荷 | N1: プログラム・モジュール仕様書 | AB1: 作成者 | AD1: =概要仕様書!AD1 -> RIKKEI) Chi | AI1: 作成日 | AK1: =概要仕様書!AK1 -> 45728 | AO1: 試験項目数 | AP1: 試験完了項目数
A2: サブシステム名 | AB2: 更新者 | AI2: 更新日 | AO2: =COUNTA(AO8:AO82) -> 0 | AP2: =COUNTA(AP8:AP82) -> 0
A4: 帳票ID | E4: =概要仕様書!E4 -> RS020 | N4: 帳票名 | R4: =概要仕様書!R4 -> 出荷予定物量
A5: 入力データ欄 | H5: 処理記述 | AG5: 出力データ欄
AO6: 結果確認

Sheet RS020_SelQuery01
A1: システム名 | E1: =概要仕様書!E1 -> MONOSビルOM出荷 | N1: プログラム・モジュール仕様書 | AB1: 作成者 | AD1: =概要仕様書!AD1 -> RIKKEI) Chi | AI1: 作成日 | AK1: =概要仕様書!AK1 -> 45728 | AO1: 試験項目数 | AP1: 試験完了項目数
A2: サブシステム名 | AB2: 更新者 | AI2: 更新日 | AO2: =COUNTA(AO7:AO69) -> 0 | AP2: =COUNTA(AP7:AP69) -> 0
A4: 帳票ID | E4: =概要仕様書!E4 -> RS020 | N4: 帳票名 | R4: =概要仕様書!R4 -> 出荷予定物量
A5: 概要 | E5: 出荷予定物量情報を取得する
A6: Query名 | E6: RS020_SelQuery01 | AO6: 結果確認
A7: パラメータ | E7: 利用者の出荷工場、出荷予定日開始、出荷予定日終了

Sheet RS020_SelQuery02
A1: システム名 | E1: =概要仕様書!E1 -> MONOSビルOM出荷 | N1: プログラム・モジュール仕様書 | AB1: 作成者 | AD1: =概要仕様書!AD1 -> RIKKEI) Chi | AI1: 作成日 | AK1: =概要仕様書!AK1 -> 45728 | AO1: 試験項目数 | AP1: 試験完了項目数
A2: サブシステム名 | AB2: 更新者 | AI2: 更新日 | AO2: =COUNTA(AO7:AO66) -> 0 | AP2: =COUNTA(AP7:AP66) -> 0
A4: 帳票ID | E4: =概要仕様書!E4 -> RS020 | N4: 帳票名 | R4: =概要仕様書!R4 -> 出荷予定物量
A5: 概要 | E5: 注残情報を取得する
A6: Query名 | E6: RS020_SelQuery02 | AO6: 結果確認
A7: パラメータ | E7: 利用者の出荷工場、出荷予定日開始、出荷予定日終了

Sheet QA
B2: Ở SVF có 2 tính năng dưới như access không?
C3: Group on, sort by
C4: Liên kết giữa sub report và report
B5: In cả dữ liệu từ màn hình -> dùng bảng tạm?
